Event_ID,Equipment_ID,Timestamp,Failure_Mode,Root_Cause,Downtime_hrs
FE-0005,DIE-001,2024-01-16 00:00:00,Die Crack,Fatigue crack propagation in die insert due to cyclic stamping load,5.2
FE-0027,DIE-005,2024-01-24 06:00:00,Surface Galling,Adhesive wear on die face from sheet metal sliding under high pressure,29.9
FE-0018,DIE-003,2024-01-28 21:00:00,Die Crack,Fatigue crack propagation in die insert due to cyclic stamping load,24.5
FE-0023,DIE-004,2024-01-29 12:00:00,Spring-back Defect,Excessive elastic recovery in stamped part due to worn die profile,23.6
FE-0016,DIE-003,2024-02-01 01:00:00,Spring-back Defect,Excessive elastic recovery in stamped part due to worn die profile,12.0
FE-0013,DIE-002,2024-02-07 04:00:00,Misalignment,Punch-die clearance deviation caused by guide pin wear,30.8
FE-0020,DIE-003,2024-02-08 15:00:00,Thermal Distortion,Uneven die temperature causing dimensional drift in stamped panel,11.5
FE-0003,DIE-001,2024-02-09 03:00:00,Slug Retention,Slug not ejecting from die cavity - proximity sensor triggered,27.2
FE-0001,DIE-001,2024-02-12 04:00:00,Die Crack,Fatigue crack propagation in die insert due to cyclic stamping load,27.2
FE-0010,DIE-002,2024-02-28 15:00:00,Slug Retention,Slug not ejecting from die cavity - proximity sensor triggered,16.4
FE-0029,DIE-005,2024-03-17 04:00:00,Spring-back Defect,Excessive elastic recovery in stamped part due to worn die profile,31.8
FE-0006,DIE-001,2024-03-24 13:00:00,Spring-back Defect,Excessive elastic recovery in stamped part due to worn die profile,22.5
FE-0002,DIE-001,2024-03-28 18:00:00,Surface Galling,Adhesive wear on die face from sheet metal sliding under high pressure,6.7
FE-0014,DIE-002,2024-04-04 10:00:00,Cushion Pressure Loss,Hydraulic cushion seal degradation causing uneven blank hold-down,3.5
FE-0032,DIE-005,2024-04-04 13:00:00,Surface Galling,Adhesive wear on die face from sheet metal sliding under high pressure,10.4
FE-0022,DIE-004,2024-04-05 07:00:00,Slug Retention,Slug not ejecting from die cavity - proximity sensor triggered,33.8
FE-0011,DIE-002,2024-04-09 00:00:00,Surface Galling,Adhesive wear on die face from sheet metal sliding under high pressure,9.3
FE-0009,DIE-002,2024-04-09 02:00:00,Cushion Pressure Loss,Hydraulic cushion seal degradation causing uneven blank hold-down,31.6
FE-0019,DIE-003,2024-04-12 22:00:00,Die Crack,Fatigue crack propagation in die insert due to cyclic stamping load,31.1
FE-0030,DIE-005,2024-04-21 13:00:00,Surface Galling,Adhesive wear on die face from sheet metal sliding under high pressure,24.3
FE-0028,DIE-005,2024-04-21 20:00:00,Thermal Distortion,Uneven die temperature causing dimensional drift in stamped panel,11.1
FE-0012,DIE-002,2024-04-29 01:00:00,Die Crack,Fatigue crack propagation in die insert due to cyclic stamping load,5.2
FE-0017,DIE-003,2024-05-07 14:00:00,Spring-back Defect,Excessive elastic recovery in stamped part due to worn die profile,8.5
FE-0021,DIE-003,2024-05-08 16:00:00,Surface Galling,Adhesive wear on die face from sheet metal sliding under high pressure,14.6
FE-0031,DIE-005,2024-05-19 05:00:00,Slug Retention,Slug not ejecting from die cavity - proximity sensor triggered,17.6
FE-0015,DIE-002,2024-06-09 23:00:00,Spring-back Defect,Excessive elastic recovery in stamped part due to worn die profile,6.2
FE-0025,DIE-004,2024-06-10 22:00:00,Thermal Distortion,Uneven die temperature causing dimensional drift in stamped panel,11.2
FE-0024,DIE-004,2024-07-05 11:00:00,Slug Retention,Slug not ejecting from die cavity - proximity sensor triggered,10.3
FE-0008,DIE-001,2024-07-09 04:00:00,Thermal Distortion,Uneven die temperature causing dimensional drift in stamped panel,9.5
FE-0004,DIE-001,2024-07-09 07:00:00,Die Crack,Fatigue crack propagation in die insert due to cyclic stamping load,22.1
FE-0026,DIE-005,2024-07-13 06:00:00,Surface Galling,Adhesive wear on die face from sheet metal sliding under high pressure,25.3
FE-0007,DIE-001,2024-07-14 17:00:00,Surface Galling,Adhesive wear on die face from sheet metal sliding under high pressure,26.3
FE-0033,DIE-005,2024-07-14 18:00:00,Spring-back Defect,Excessive elastic recovery in stamped part due to worn die profile,10.9
