Timestamp,City,Temperature_C,Pressure_bar,RPM,Vibration_RMS
2024-01-01 00:00:00,Mumbai,31.96,4.99,1498.3,2.57
2024-01-01 01:00:00,Mumbai,31.97,4.92,1503.3,2.543
2024-01-01 02:00:00,Mumbai,32.01,4.92,1506.8,2.66
2024-01-01 03:00:00,Mumbai,32.34,4.93,1495.7,2.558
2024-01-01 04:00:00,Mumbai,32.59,4.99,1496.3,2.548
2024-01-01 05:00:00,Mumbai,32.94,4.92,1491.7,2.597
2024-01-01 06:00:00,Mumbai,33.41,4.91,1497.3,2.622
2024-01-01 07:00:00,Mumbai,33.83,4.85,1505.8,2.47
2024-01-01 08:00:00,Mumbai,33.22,4.82,1492.1,2.558
2024-01-01 09:00:00,Mumbai,33.56,4.76,1504.8,2.458
2024-01-01 10:00:00,Mumbai,33.64,4.75,1506.5,2.539
2024-01-01 11:00:00,Mumbai,33.88,4.76,1516.3,2.587
2024-01-01 12:00:00,Mumbai,33.69,4.73,1509.2,2.637
2024-01-01 13:00:00,Mumbai,33.56,4.85,1496.9,2.527
2024-01-01 14:00:00,Mumbai,33.69,4.92,1504.5,2.611
2024-01-01 15:00:00,Mumbai,33.98,4.91,1483.2,2.558
2024-01-01 16:00:00,Mumbai,34.09,4.84,1483.7,2.583
2024-01-01 17:00:00,Mumbai,33.81,4.88,1492.4,2.815
2024-01-01 18:00:00,Mumbai,33.79,4.85,1484.0,2.732
2024-01-01 19:00:00,Mumbai,33.88,4.82,1482.9,2.807
2024-01-01 20:00:00,Mumbai,33.49,4.8,1455.3,2.699
2024-01-01 21:00:00,Mumbai,33.18,4.82,1473.2,2.697
2024-01-01 22:00:00,Mumbai,33.16,4.83,1489.5,2.786
2024-01-01 23:00:00,Mumbai,33.19,4.78,1503.0,2.824
2024-01-02 00:00:00,Mumbai,33.56,4.78,1532.3,2.788
2024-01-02 01:00:00,Mumbai,34.09,4.79,1524.6,2.675
2024-01-02 02:00:00,Mumbai,34.14,4.86,1536.8,2.744
2024-01-02 03:00:00,Mumbai,33.57,4.89,1545.2,2.689
2024-01-02 04:00:00,Mumbai,33.56,4.89,1571.0,2.584
2024-01-02 05:00:00,Mumbai,33.62,4.96,1564.3,2.547
2024-01-02 06:00:00,Mumbai,33.85,4.9,1567.6,2.426
2024-01-02 07:00:00,Mumbai,34.31,4.9,1601.9,2.455
2024-01-02 08:00:00,Mumbai,34.89,4.83,1600.1,2.487
2024-01-02 09:00:00,Mumbai,35.56,4.75,1614.9,2.546
2024-01-02 10:00:00,Mumbai,36.12,4.78,1615.7,2.494
2024-01-02 11:00:00,Mumbai,35.8,4.79,1612.8,2.696
2024-01-02 12:00:00,Mumbai,35.61,4.81,1589.3,2.656
2024-01-02 13:00:00,Mumbai,35.64,4.85,1611.0,2.652
2024-01-02 14:00:00,Mumbai,35.2,4.87,1618.8,2.701
2024-01-02 15:00:00,Mumbai,34.85,4.93,1620.1,2.771
2024-01-02 16:00:00,Mumbai,35.06,4.96,1624.4,2.986
2024-01-02 17:00:00,Mumbai,34.94,4.95,1626.1,3.135
2024-01-02 18:00:00,Mumbai,34.78,4.97,1644.0,3.083
2024-01-02 19:00:00,Mumbai,34.07,4.99,1647.4,3.023
2024-01-02 20:00:00,Mumbai,34.15,5.02,1632.5,3.074
2024-01-02 21:00:00,Mumbai,33.95,4.94,1639.3,3.07
2024-01-02 22:00:00,Mumbai,33.63,4.97,1646.6,3.012
2024-01-02 23:00:00,Mumbai,33.7,5.02,1635.9,3.05
2024-01-03 00:00:00,Mumbai,33.7,5.13,1608.0,3.12
2024-01-03 01:00:00,Mumbai,33.66,5.13,1636.5,3.119
2024-01-03 02:00:00,Mumbai,34.43,5.11,1641.8,3.07
2024-01-03 03:00:00,Mumbai,34.37,5.11,1637.5,3.09
2024-01-03 04:00:00,Mumbai,33.91,5.21,1635.0,3.264
2024-01-03 05:00:00,Mumbai,33.8,5.22,1682.5,3.177
2024-01-03 06:00:00,Mumbai,33.55,5.2,1689.6,3.247
2024-01-03 07:00:00,Mumbai,34.13,5.18,1665.6,3.203
2024-01-03 08:00:00,Mumbai,34.67,5.21,1636.2,3.2
2024-01-03 09:00:00,Mumbai,35.24,5.31,1644.6,3.231
2024-01-03 10:00:00,Mumbai,34.96,5.27,1645.3,3.281
2024-01-03 11:00:00,Mumbai,35.19,5.25,1628.1,3.203
2024-01-03 12:00:00,Mumbai,34.84,5.28,1593.4,3.17
2024-01-03 13:00:00,Mumbai,34.93,5.36,1594.5,3.27
2024-01-03 14:00:00,Mumbai,34.71,5.32,1584.3,3.423
2024-01-03 15:00:00,Mumbai,34.86,5.34,1634.3,3.419
2024-01-03 16:00:00,Mumbai,34.88,5.36,1631.0,3.651
2024-01-03 17:00:00,Mumbai,35.13,5.29,1625.0,3.694
2024-01-03 18:00:00,Mumbai,35.17,5.22,1591.1,3.503
2024-01-03 19:00:00,Mumbai,34.95,5.22,1596.3,3.426
2024-01-03 20:00:00,Mumbai,34.41,5.12,1601.2,3.463
2024-01-03 21:00:00,Mumbai,34.57,5.15,1598.4,3.598
2024-01-03 22:00:00,Mumbai,34.43,5.12,1590.6,3.54
2024-01-03 23:00:00,Mumbai,33.73,5.13,1594.3,3.503
2024-01-04 00:00:00,Mumbai,33.51,5.15,1620.1,3.507
2024-01-04 01:00:00,Mumbai,33.41,5.12,1619.0,3.381
2024-01-04 02:00:00,Mumbai,33.48,5.12,1646.7,3.475
2024-01-04 03:00:00,Mumbai,33.93,5.09,1656.7,3.361
2024-01-04 04:00:00,Mumbai,34.19,5.11,1645.3,3.561
2024-01-04 05:00:00,Mumbai,34.56,5.01,1653.5,3.52
2024-01-04 06:00:00,Mumbai,34.76,5.04,1659.4,3.317
2024-01-04 07:00:00,Mumbai,34.6,5.07,1678.9,3.507
2024-01-04 08:00:00,Mumbai,35.32,4.97,1690.5,3.315
2024-01-04 09:00:00,Mumbai,35.94,4.98,1673.3,3.516
2024-01-04 10:00:00,Mumbai,36.24,4.89,1677.7,3.443
2024-01-04 11:00:00,Mumbai,36.32,4.87,1698.4,3.301
2024-01-04 12:00:00,Mumbai,36.42,4.96,1685.9,3.322
2024-01-04 13:00:00,Mumbai,36.43,4.92,1695.7,3.332
2024-01-04 14:00:00,Mumbai,36.04,5.01,1707.5,3.315
2024-01-04 15:00:00,Mumbai,35.71,4.97,1726.0,3.3
2024-01-04 16:00:00,Mumbai,35.68,4.96,1735.2,3.289
2024-01-04 17:00:00,Mumbai,35.71,4.95,1747.7,3.356
2024-01-04 18:00:00,Mumbai,35.48,4.91,1733.6,3.282
2024-01-04 19:00:00,Mumbai,34.99,4.95,1732.9,3.439
2024-01-04 20:00:00,Mumbai,35.5,4.95,1709.7,3.401
2024-01-04 21:00:00,Mumbai,35.33,4.88,1705.9,3.429
2024-01-04 22:00:00,Mumbai,35.1,4.84,1694.5,3.608
2024-01-04 23:00:00,Mumbai,35.0,4.8,1688.9,3.703
2024-01-05 00:00:00,Mumbai,34.79,4.82,1699.9,3.778
2024-01-05 01:00:00,Mumbai,35.26,4.8,1716.8,3.699
2024-01-05 02:00:00,Mumbai,35.24,4.86,1729.2,3.699
2024-01-05 03:00:00,Mumbai,35.03,4.88,1719.7,3.607
2024-01-05 04:00:00,Mumbai,35.01,4.9,1687.9,3.643
2024-01-05 05:00:00,Mumbai,35.25,4.87,1703.5,3.704
2024-01-05 06:00:00,Mumbai,35.27,4.83,1713.9,3.552
2024-01-05 07:00:00,Mumbai,35.36,4.8,1714.9,3.574
2024-01-05 08:00:00,Mumbai,35.55,4.86,1718.4,3.542
2024-01-05 09:00:00,Mumbai,35.33,4.89,1726.3,3.687
2024-01-05 10:00:00,Mumbai,35.2,4.9,1725.4,3.678
2024-01-05 11:00:00,Mumbai,35.26,4.81,1737.8,3.744
2024-01-05 12:00:00,Mumbai,35.6,4.92,1733.0,3.74
2024-01-05 13:00:00,Mumbai,35.55,5.02,1707.0,3.789
2024-01-05 14:00:00,Mumbai,35.01,4.89,1676.7,3.651
2024-01-05 15:00:00,Mumbai,35.19,4.85,1673.3,3.534
2024-01-05 16:00:00,Mumbai,35.2,4.79,1693.1,3.435
2024-01-05 17:00:00,Mumbai,34.77,4.8,1693.4,3.577
2024-01-05 18:00:00,Mumbai,34.61,4.74,1685.0,3.52
2024-01-05 19:00:00,Mumbai,34.63,4.76,1683.2,3.607
2024-01-05 20:00:00,Mumbai,34.3,4.75,1686.0,3.76
2024-01-05 21:00:00,Mumbai,34.13,4.73,1670.3,3.828
2024-01-05 22:00:00,Mumbai,33.85,4.75,1641.7,3.933
2024-01-05 23:00:00,Mumbai,33.4,4.71,1657.6,3.799
2024-01-06 00:00:00,Mumbai,33.38,4.72,1642.6,3.934
2024-01-06 01:00:00,Mumbai,33.88,4.62,1620.9,4.014
2024-01-06 02:00:00,Mumbai,33.59,4.6,1622.9,4.084
2024-01-06 03:00:00,Mumbai,33.66,4.6,1611.2,4.213
2024-01-06 04:00:00,Mumbai,33.69,4.62,1603.5,4.223
2024-01-06 05:00:00,Mumbai,33.83,4.61,1588.3,4.303
2024-01-06 06:00:00,Mumbai,34.46,4.62,1599.3,4.387
2024-01-06 07:00:00,Mumbai,34.93,4.64,1602.5,4.473
2024-01-06 08:00:00,Mumbai,35.12,4.59,1602.8,4.284
2024-01-06 09:00:00,Mumbai,35.26,4.61,1621.4,4.3
2024-01-06 10:00:00,Mumbai,35.64,4.61,1606.0,4.158
2024-01-06 11:00:00,Mumbai,35.4,4.54,1615.5,4.138
2024-01-06 12:00:00,Mumbai,35.57,4.55,1631.2,4.244
2024-01-06 13:00:00,Mumbai,35.33,4.53,1623.2,4.082
2024-01-06 14:00:00,Mumbai,35.43,4.59,1623.1,4.032
2024-01-06 15:00:00,Mumbai,35.61,4.47,1625.8,4.047
2024-01-06 16:00:00,Mumbai,35.27,4.54,1640.3,4.02
2024-01-06 17:00:00,Mumbai,35.05,4.52,1632.7,3.89
2024-01-06 18:00:00,Mumbai,35.26,4.58,1644.6,3.78
2024-01-06 19:00:00,Mumbai,35.7,4.67,1647.4,3.69
2024-01-06 20:00:00,Mumbai,35.26,4.7,1633.8,3.686
2024-01-06 21:00:00,Mumbai,35.45,4.62,1663.8,3.843
2024-01-06 22:00:00,Mumbai,34.98,4.55,1659.6,3.74
2024-01-06 23:00:00,Mumbai,34.85,4.42,1656.2,3.92
2024-01-07 00:00:00,Mumbai,34.51,4.41,1633.8,3.984
2024-01-07 01:00:00,Mumbai,34.49,4.5,1636.9,3.947
2024-01-07 02:00:00,Mumbai,34.76,4.48,1616.8,3.977
2024-01-07 03:00:00,Mumbai,34.85,4.49,1622.5,3.926
2024-01-07 04:00:00,Mumbai,35.15,4.57,1605.8,4.1
2024-01-07 05:00:00,Mumbai,35.27,4.54,1642.2,4.115
2024-01-07 06:00:00,Mumbai,35.88,4.58,1617.0,4.127
2024-01-07 07:00:00,Mumbai,35.92,4.51,1590.5,4.138
2024-01-07 08:00:00,Mumbai,36.27,4.53,1585.9,4.058
2024-01-07 09:00:00,Mumbai,36.11,4.5,1570.4,4.037
2024-01-07 10:00:00,Mumbai,36.2,4.46,1566.9,3.961
2024-01-07 11:00:00,Mumbai,36.25,4.48,1569.6,4.009
2024-01-07 12:00:00,Mumbai,35.76,4.46,1573.7,4.073
2024-01-07 13:00:00,Mumbai,35.23,4.47,1591.8,4.055
2024-01-07 14:00:00,Mumbai,35.1,4.49,1595.5,4.122
2024-01-07 15:00:00,Mumbai,34.98,4.5,1583.8,4.105
2024-01-07 16:00:00,Mumbai,35.18,4.49,1581.3,4.056
2024-01-07 17:00:00,Mumbai,35.23,4.45,1594.9,3.962
2024-01-07 18:00:00,Mumbai,34.71,4.46,1596.9,3.992
2024-01-07 19:00:00,Mumbai,34.83,4.44,1603.5,3.901
2024-01-07 20:00:00,Mumbai,35.04,4.47,1611.6,3.92
2024-01-07 21:00:00,Mumbai,34.66,4.45,1619.1,3.918
2024-01-07 22:00:00,Mumbai,34.6,4.38,1621.8,3.849
2024-01-07 23:00:00,Mumbai,34.22,4.38,1594.0,3.919
2024-01-08 00:00:00,Mumbai,34.48,4.37,1579.1,3.824
2024-01-08 01:00:00,Mumbai,34.48,4.25,1581.8,3.891
2024-01-08 02:00:00,Mumbai,34.49,4.23,1584.5,3.926
2024-01-08 03:00:00,Mumbai,34.96,4.23,1574.1,3.88
2024-01-08 04:00:00,Mumbai,35.19,4.31,1569.3,3.774
2024-01-08 05:00:00,Mumbai,35.12,4.2,1574.3,3.638
2024-01-08 06:00:00,Mumbai,34.95,4.1,1557.5,3.695
2024-01-08 07:00:00,Mumbai,34.75,4.02,1560.2,3.661
2024-01-08 08:00:00,Mumbai,35.05,4.05,1560.1,3.531
2024-01-08 09:00:00,Mumbai,35.16,4.08,1551.3,3.387
2024-01-08 10:00:00,Mumbai,35.59,4.06,1545.2,3.389
2024-01-08 11:00:00,Mumbai,35.95,4.07,1540.2,3.457
2024-01-08 12:00:00,Mumbai,36.59,4.14,1550.3,3.345
2024-01-08 13:00:00,Mumbai,37.67,4.08,1544.7,3.275
2024-01-08 14:00:00,Mumbai,38.05,4.1,1523.3,3.302
2024-01-08 15:00:00,Mumbai,38.08,4.08,1505.0,3.229
2024-01-08 16:00:00,Mumbai,37.77,4.09,1497.2,3.303
2024-01-08 17:00:00,Mumbai,37.29,4.0,1486.1,3.438
2024-01-08 18:00:00,Mumbai,36.92,4.12,1493.5,3.321
2024-01-08 19:00:00,Mumbai,36.48,4.13,1475.8,3.559
2024-01-08 20:00:00,Mumbai,36.01,4.16,1497.7,3.548
2024-01-08 21:00:00,Mumbai,35.57,4.15,1503.1,3.635
2024-01-08 22:00:00,Mumbai,35.49,4.08,1503.8,3.568
2024-01-08 23:00:00,Mumbai,34.78,4.04,1482.3,3.627
2024-01-09 00:00:00,Mumbai,35.36,4.14,1473.7,3.58
2024-01-09 01:00:00,Mumbai,35.62,4.19,1467.4,3.566
2024-01-09 02:00:00,Mumbai,36.38,4.18,1460.1,3.578
2024-01-09 03:00:00,Mumbai,36.7,4.13,1456.4,3.461
2024-01-09 04:00:00,Mumbai,36.79,4.23,1467.5,3.452
2024-01-09 05:00:00,Mumbai,36.7,4.21,1483.3,3.396
2024-01-09 06:00:00,Mumbai,37.34,4.14,1478.9,3.57
2024-01-09 07:00:00,Mumbai,36.93,4.2,1451.2,3.561
2024-01-09 08:00:00,Mumbai,37.05,4.24,1403.8,3.369
2024-01-09 09:00:00,Mumbai,37.02,4.25,1390.5,3.347
2024-01-09 10:00:00,Mumbai,36.76,4.23,1377.7,3.371
2024-01-09 11:00:00,Mumbai,36.99,4.3,1367.9,3.34
2024-01-09 12:00:00,Mumbai,37.0,4.28,1367.1,3.183
2024-01-09 13:00:00,Mumbai,37.06,4.24,1352.8,3.025
2024-01-09 14:00:00,Mumbai,37.31,4.23,1370.0,3.052
2024-01-09 15:00:00,Mumbai,36.66,4.18,1381.4,2.975
2024-01-09 16:00:00,Mumbai,36.16,4.17,1378.7,2.874
2024-01-09 17:00:00,Mumbai,35.87,4.14,1339.9,2.924
2024-01-09 18:00:00,Mumbai,35.42,4.21,1322.6,2.766
2024-01-09 19:00:00,Mumbai,35.59,4.13,1313.1,2.826
2024-01-09 20:00:00,Mumbai,35.32,4.05,1315.9,2.807
2024-01-09 21:00:00,Mumbai,35.56,4.08,1361.4,2.642
2024-01-09 22:00:00,Mumbai,35.45,4.02,1378.8,2.724
2024-01-09 23:00:00,Mumbai,35.63,3.98,1367.6,2.521
2024-01-10 00:00:00,Mumbai,36.14,4.01,1363.7,2.615
2024-01-10 01:00:00,Mumbai,36.42,4.06,1339.3,2.543
2024-01-10 02:00:00,Mumbai,36.58,4.08,1353.7,2.442
2024-01-10 03:00:00,Mumbai,36.76,4.19,1364.1,2.529
2024-01-10 04:00:00,Mumbai,36.92,4.22,1391.1,2.54
2024-01-10 05:00:00,Mumbai,37.48,4.18,1400.0,2.63
2024-01-10 06:00:00,Mumbai,37.46,4.23,1389.8,2.55
2024-01-10 07:00:00,Mumbai,37.65,4.33,1394.5,2.644
2024-01-10 08:00:00,Mumbai,37.6,4.34,1376.8,2.586
2024-01-10 09:00:00,Mumbai,38.0,4.33,1398.6,2.566
2024-01-10 10:00:00,Mumbai,38.04,4.4,1388.9,2.414
2024-01-10 11:00:00,Mumbai,38.48,4.42,1356.4,2.419
2024-01-10 12:00:00,Mumbai,38.36,4.51,1345.5,2.361
2024-01-10 13:00:00,Mumbai,38.03,4.45,1334.9,2.217
2024-01-10 14:00:00,Mumbai,37.62,4.37,1312.5,2.061
2024-01-10 15:00:00,Mumbai,37.33,4.34,1294.1,2.109
2024-01-10 16:00:00,Mumbai,37.14,4.32,1287.1,2.268
2024-01-10 17:00:00,Mumbai,37.02,4.34,1248.3,2.203
2024-01-10 18:00:00,Mumbai,36.17,4.32,1253.9,2.135
2024-01-10 19:00:00,Mumbai,36.13,4.27,1262.6,1.98
2024-01-10 20:00:00,Mumbai,35.88,4.29,1270.6,1.967
2024-01-10 21:00:00,Mumbai,36.32,4.27,1263.8,1.691
2024-01-10 22:00:00,Mumbai,36.75,4.25,1246.2,1.823
2024-01-10 23:00:00,Mumbai,37.07,4.25,1224.7,1.865
2024-01-11 00:00:00,Mumbai,36.88,4.2,1240.3,1.652
2024-01-11 01:00:00,Mumbai,37.1,4.22,1271.1,1.685
2024-01-11 02:00:00,Mumbai,36.58,4.18,1272.1,1.72
2024-01-11 03:00:00,Mumbai,37.02,4.08,1267.1,1.817
2024-01-11 04:00:00,Mumbai,37.66,4.17,1261.3,1.927
2024-01-11 05:00:00,Mumbai,38.36,4.23,1272.1,2.01
2024-01-11 06:00:00,Mumbai,38.33,4.16,1286.9,1.975
2024-01-11 07:00:00,Mumbai,38.51,4.13,1281.0,1.998
2024-01-11 08:00:00,Mumbai,38.38,4.13,1284.7,1.99
2024-01-11 09:00:00,Mumbai,38.3,4.17,1312.8,1.93
2024-01-11 10:00:00,Mumbai,38.77,4.22,1273.0,1.854
2024-01-11 11:00:00,Mumbai,38.63,4.26,1275.8,1.902
2024-01-11 12:00:00,Mumbai,38.82,4.21,1264.6,1.779
2024-01-11 13:00:00,Mumbai,38.72,4.21,1267.2,1.707
2024-01-11 14:00:00,Mumbai,38.89,4.25,1290.3,1.778
2024-01-11 15:00:00,Mumbai,38.8,4.29,1299.5,1.713
2024-01-11 16:00:00,Mumbai,39.02,4.37,1329.1,1.716
2024-01-11 17:00:00,Mumbai,38.92,4.39,1329.1,1.778
2024-01-11 18:00:00,Mumbai,38.68,4.38,1355.5,1.795
2024-01-11 19:00:00,Mumbai,38.51,4.43,1357.8,1.824
2024-01-11 20:00:00,Mumbai,38.32,4.37,1357.3,1.71
2024-01-11 21:00:00,Mumbai,38.24,4.31,1371.0,1.785
2024-01-11 22:00:00,Mumbai,38.22,4.3,1377.3,1.588
2024-01-11 23:00:00,Mumbai,37.84,4.29,1382.5,1.58
2024-01-12 00:00:00,Mumbai,37.54,4.3,1375.7,1.474
2024-01-12 01:00:00,Mumbai,37.69,4.29,1393.6,1.54
2024-01-12 02:00:00,Mumbai,38.01,4.31,1380.9,1.447
2024-01-12 03:00:00,Mumbai,37.71,4.45,1364.7,1.426
2024-01-12 04:00:00,Mumbai,37.78,4.44,1356.0,1.239
2024-01-12 05:00:00,Mumbai,37.67,4.37,1354.1,1.17
2024-01-12 06:00:00,Mumbai,37.67,4.38,1345.3,1.264
2024-01-12 07:00:00,Mumbai,37.74,4.39,1325.4,1.329
2024-01-12 08:00:00,Mumbai,37.79,4.41,1330.4,1.312
2024-01-12 09:00:00,Mumbai,38.0,4.39,1350.6,1.405
2024-01-12 10:00:00,Mumbai,38.25,4.33,1334.1,1.339
2024-01-12 11:00:00,Mumbai,38.22,4.35,1320.7,1.457
2024-01-12 12:00:00,Mumbai,38.22,4.25,1313.5,1.198
2024-01-12 13:00:00,Mumbai,37.95,4.23,1304.4,1.166
2024-01-12 14:00:00,Mumbai,37.73,4.2,1326.9,1.287
2024-01-12 15:00:00,Mumbai,37.25,4.26,1302.6,1.206
2024-01-12 16:00:00,Mumbai,37.53,4.15,1311.2,1.08
2024-01-12 17:00:00,Mumbai,37.29,4.14,1336.7,0.999
2024-01-12 18:00:00,Mumbai,37.07,4.17,1332.9,0.917
2024-01-12 19:00:00,Mumbai,36.86,4.17,1346.1,0.823
2024-01-12 20:00:00,Mumbai,36.55,4.19,1343.6,0.804
2024-01-12 21:00:00,Mumbai,36.41,4.16,1331.6,0.848
2024-01-12 22:00:00,Mumbai,35.98,4.21,1334.9,0.721
2024-01-12 23:00:00,Mumbai,36.01,4.22,1346.3,0.837
2024-01-13 00:00:00,Mumbai,35.9,4.19,1337.2,0.738
2024-01-13 01:00:00,Mumbai,35.73,4.2,1337.5,0.689
2024-01-13 02:00:00,Mumbai,35.61,4.22,1330.0,0.585
2024-01-13 03:00:00,Mumbai,35.7,4.2,1313.9,0.668
2024-01-13 04:00:00,Mumbai,36.13,4.21,1315.9,0.721
2024-01-13 05:00:00,Mumbai,36.32,4.25,1340.7,0.729
2024-01-13 06:00:00,Mumbai,36.65,4.3,1335.6,0.616
2024-01-13 07:00:00,Mumbai,37.11,4.22,1362.5,0.703
2024-01-13 08:00:00,Mumbai,37.34,4.22,1388.7,0.608
2024-01-13 09:00:00,Mumbai,37.14,4.19,1384.8,0.508
2024-01-13 10:00:00,Mumbai,37.28,4.2,1372.6,0.668
2024-01-13 11:00:00,Mumbai,36.92,4.13,1378.2,0.647
2024-01-13 12:00:00,Mumbai,37.04,4.1,1362.7,0.583
2024-01-13 13:00:00,Mumbai,36.78,4.13,1355.5,0.659
2024-01-13 14:00:00,Mumbai,36.86,4.18,1369.1,0.737
2024-01-13 15:00:00,Mumbai,36.95,4.15,1365.1,0.554
2024-01-13 16:00:00,Mumbai,36.86,4.12,1371.2,0.607
2024-01-13 17:00:00,Mumbai,36.27,4.07,1365.9,0.555
2024-01-13 18:00:00,Mumbai,36.12,4.01,1366.6,0.5
2024-01-13 19:00:00,Mumbai,35.28,4.05,1347.0,0.5
2024-01-13 20:00:00,Mumbai,34.68,3.98,1341.1,0.5
2024-01-13 21:00:00,Mumbai,34.83,4.0,1337.1,0.576
2024-01-13 22:00:00,Mumbai,35.07,4.02,1331.0,0.678
2024-01-13 23:00:00,Mumbai,35.54,4.05,1357.6,0.77
2024-01-14 00:00:00,Mumbai,35.8,4.0,1340.9,0.765
2024-01-14 01:00:00,Mumbai,35.35,3.97,1353.9,0.699
2024-01-14 02:00:00,Mumbai,35.61,3.9,1346.5,0.801
2024-01-14 03:00:00,Mumbai,35.81,3.92,1372.1,0.931
2024-01-14 04:00:00,Mumbai,35.72,3.98,1362.9,0.929
2024-01-14 05:00:00,Mumbai,35.92,4.04,1345.9,0.974
2024-01-14 06:00:00,Mumbai,36.28,4.08,1342.8,1.075
2024-01-14 07:00:00,Mumbai,36.26,4.13,1348.0,0.935
2024-01-14 08:00:00,Mumbai,36.55,4.14,1342.7,0.861
2024-01-14 09:00:00,Mumbai,36.62,4.07,1368.1,0.748
2024-01-14 10:00:00,Mumbai,36.53,4.13,1376.8,0.82
2024-01-14 11:00:00,Mumbai,37.03,4.11,1361.1,0.905
2024-01-14 12:00:00,Mumbai,37.27,4.1,1342.2,1.029
2024-01-14 13:00:00,Mumbai,37.39,4.03,1353.9,0.884
2024-01-14 14:00:00,Mumbai,37.15,3.97,1344.3,0.801
2024-01-14 15:00:00,Mumbai,36.82,4.01,1348.7,0.864
2024-01-14 16:00:00,Mumbai,36.98,3.99,1349.9,0.918
2024-01-14 17:00:00,Mumbai,37.3,4.03,1370.6,1.02
2024-01-14 18:00:00,Mumbai,37.41,3.94,1383.8,1.041
2024-01-14 19:00:00,Mumbai,37.24,3.92,1377.5,1.083
2024-01-14 20:00:00,Mumbai,37.31,3.84,1380.7,1.027
2024-01-14 21:00:00,Mumbai,36.89,3.86,1375.8,0.961
2024-01-14 22:00:00,Mumbai,36.56,3.88,1375.7,0.851
2024-01-14 23:00:00,Mumbai,36.25,3.87,1381.7,0.746
2024-01-15 00:00:00,Mumbai,36.4,3.83,1422.6,0.652
2024-01-15 01:00:00,Mumbai,36.21,3.84,1409.1,0.735
2024-01-15 02:00:00,Mumbai,36.85,3.82,1411.7,0.683
2024-01-15 03:00:00,Mumbai,37.0,3.89,1425.1,0.593
2024-01-15 04:00:00,Mumbai,37.63,3.95,1432.4,0.527
2024-01-15 05:00:00,Mumbai,37.85,3.91,1439.4,0.5
2024-01-15 06:00:00,Mumbai,37.38,3.95,1442.3,0.608
2024-01-15 07:00:00,Mumbai,37.53,3.96,1459.0,0.647
2024-01-15 08:00:00,Mumbai,37.79,4.12,1456.5,0.664
2024-01-15 09:00:00,Mumbai,38.45,4.08,1440.9,0.52
2024-01-15 10:00:00,Mumbai,38.71,4.11,1452.0,0.5
2024-01-15 11:00:00,Mumbai,39.06,4.17,1450.5,0.503
2024-01-15 12:00:00,Mumbai,39.26,4.19,1460.2,0.5
2024-01-15 13:00:00,Mumbai,39.16,4.13,1469.6,0.553
2024-01-15 14:00:00,Mumbai,39.03,4.15,1446.3,0.639
2024-01-15 15:00:00,Mumbai,38.75,4.15,1463.0,0.563
2024-01-15 16:00:00,Mumbai,38.94,4.16,1463.4,0.619
2024-01-15 17:00:00,Mumbai,38.37,4.19,1464.4,0.722
2024-01-15 18:00:00,Mumbai,38.1,4.17,1469.9,0.716
2024-01-15 19:00:00,Mumbai,37.56,4.16,1488.9,0.707
2024-01-15 20:00:00,Mumbai,37.12,4.2,1461.1,0.5
2024-01-15 21:00:00,Mumbai,36.98,4.21,1464.4,0.5
2024-01-15 22:00:00,Mumbai,36.84,4.14,1467.7,0.5
2024-01-15 23:00:00,Mumbai,36.74,4.15,1441.4,0.5
2024-01-16 00:00:00,Mumbai,36.98,4.23,1418.8,0.534
2024-01-16 01:00:00,Mumbai,36.66,4.16,1442.8,0.601
2024-01-16 02:00:00,Mumbai,36.52,4.17,1452.4,0.619
2024-01-16 03:00:00,Mumbai,37.33,4.2,1407.5,0.59
2024-01-16 04:00:00,Mumbai,37.28,4.19,1407.7,0.525
2024-01-16 05:00:00,Mumbai,37.15,4.26,1416.7,0.5
2024-01-16 06:00:00,Mumbai,37.55,4.29,1435.7,0.5
2024-01-16 07:00:00,Mumbai,37.98,4.26,1453.0,0.5
2024-01-16 08:00:00,Mumbai,37.47,4.26,1426.2,0.5
2024-01-16 09:00:00,Mumbai,37.6,4.24,1403.9,0.5
2024-01-16 10:00:00,Mumbai,37.44,4.23,1423.3,0.571
2024-01-16 11:00:00,Mumbai,37.35,4.29,1402.7,0.639
2024-01-16 12:00:00,Mumbai,37.3,4.31,1412.3,0.571
2024-01-16 13:00:00,Mumbai,37.49,4.31,1448.5,0.541
2024-01-16 14:00:00,Mumbai,37.77,4.34,1430.9,0.677
2024-01-16 15:00:00,Mumbai,37.31,4.23,1443.7,0.784
2024-01-16 16:00:00,Mumbai,37.15,4.21,1467.4,0.855
2024-01-16 17:00:00,Mumbai,36.76,4.25,1448.8,0.799
2024-01-16 18:00:00,Mumbai,36.25,4.14,1431.1,0.922
2024-01-16 19:00:00,Mumbai,35.73,4.11,1413.7,1.008
2024-01-16 20:00:00,Mumbai,35.55,4.14,1412.1,0.891
2024-01-16 21:00:00,Mumbai,35.12,4.18,1411.3,0.968
2024-01-16 22:00:00,Mumbai,34.07,4.23,1403.8,1.186
2024-01-16 23:00:00,Mumbai,33.87,4.24,1413.8,1.098
2024-01-17 00:00:00,Mumbai,34.13,4.2,1433.1,1.177
2024-01-17 01:00:00,Mumbai,34.33,4.17,1429.9,1.207
2024-01-17 02:00:00,Mumbai,33.82,4.14,1444.0,1.081
2024-01-17 03:00:00,Mumbai,34.34,4.11,1448.9,0.966
2024-01-17 04:00:00,Mumbai,34.66,4.13,1465.9,1.101
2024-01-17 05:00:00,Mumbai,35.23,4.14,1447.5,1.234
2024-01-17 06:00:00,Mumbai,35.04,4.12,1458.6,1.278
2024-01-17 07:00:00,Mumbai,35.71,4.12,1433.2,1.25
2024-01-17 08:00:00,Mumbai,35.94,4.1,1454.4,1.226
2024-01-17 09:00:00,Mumbai,35.65,4.13,1437.2,1.396
2024-01-17 10:00:00,Mumbai,35.83,4.06,1453.4,1.633
2024-01-17 11:00:00,Mumbai,35.28,4.1,1460.6,1.65
2024-01-17 12:00:00,Mumbai,35.38,4.13,1450.2,1.791
2024-01-17 13:00:00,Mumbai,34.92,4.22,1473.2,1.673
2024-01-17 14:00:00,Mumbai,34.82,4.29,1465.8,1.656
2024-01-17 15:00:00,Mumbai,34.56,4.35,1456.7,1.655
2024-01-17 16:00:00,Mumbai,34.55,4.34,1443.7,1.521
2024-01-17 17:00:00,Mumbai,33.9,4.28,1417.9,1.449
2024-01-17 18:00:00,Mumbai,33.79,4.29,1405.5,1.347
2024-01-17 19:00:00,Mumbai,33.3,4.22,1386.9,1.418
2024-01-17 20:00:00,Mumbai,32.71,4.22,1377.7,1.661
2024-01-17 21:00:00,Mumbai,32.03,4.23,1372.7,1.584
2024-01-17 22:00:00,Mumbai,32.02,4.23,1356.6,1.627
2024-01-17 23:00:00,Mumbai,32.08,4.3,1347.5,1.774
2024-01-18 00:00:00,Mumbai,32.03,4.2,1355.3,1.765
2024-01-18 01:00:00,Mumbai,31.81,4.25,1348.2,1.867
2024-01-18 02:00:00,Mumbai,31.89,4.29,1358.4,1.914
2024-01-18 03:00:00,Mumbai,31.72,4.33,1358.8,2.115
2024-01-18 04:00:00,Mumbai,32.04,4.37,1347.3,2.074
2024-01-18 05:00:00,Mumbai,32.26,4.31,1329.7,2.063
2024-01-18 06:00:00,Mumbai,32.44,4.32,1346.5,2.023
2024-01-18 07:00:00,Mumbai,32.83,4.31,1343.6,2.049
2024-01-18 08:00:00,Mumbai,32.39,4.32,1334.0,1.956
2024-01-18 09:00:00,Mumbai,31.96,4.29,1305.8,2.043
2024-01-18 10:00:00,Mumbai,31.99,4.21,1295.7,2.118
2024-01-18 11:00:00,Mumbai,31.86,4.2,1290.2,2.106
2024-01-18 12:00:00,Mumbai,31.35,4.19,1281.8,2.401
2024-01-18 13:00:00,Mumbai,31.24,4.17,1296.7,2.385
2024-01-18 14:00:00,Mumbai,31.21,4.13,1320.0,2.323
2024-01-18 15:00:00,Mumbai,31.18,4.18,1315.4,2.323
2024-01-18 16:00:00,Mumbai,31.19,4.22,1299.1,2.341
2024-01-18 17:00:00,Mumbai,30.71,4.18,1289.3,2.462
2024-01-18 18:00:00,Mumbai,30.99,4.31,1288.5,2.378
2024-01-18 19:00:00,Mumbai,30.5,4.39,1265.4,2.346
2024-01-18 20:00:00,Mumbai,30.16,4.48,1250.2,2.457
2024-01-18 21:00:00,Mumbai,30.41,4.47,1257.2,2.303
2024-01-18 22:00:00,Mumbai,30.29,4.46,1218.5,2.344
2024-01-18 23:00:00,Mumbai,30.34,4.38,1197.3,2.269
2024-01-19 00:00:00,Mumbai,30.18,4.36,1183.0,2.169
2024-01-19 01:00:00,Mumbai,30.33,4.34,1181.4,2.146
2024-01-19 02:00:00,Mumbai,30.56,4.33,1194.3,2.156
2024-01-19 03:00:00,Mumbai,30.97,4.39,1172.4,2.248
2024-01-19 04:00:00,Mumbai,31.68,4.34,1171.9,2.212
2024-01-19 05:00:00,Mumbai,32.01,4.37,1161.8,2.344
2024-01-19 06:00:00,Mumbai,31.95,4.36,1177.2,2.539
2024-01-19 07:00:00,Mumbai,31.99,4.4,1180.5,2.381
2024-01-19 08:00:00,Mumbai,31.88,4.34,1173.0,2.339
2024-01-19 09:00:00,Mumbai,32.03,4.4,1179.3,2.604
2024-01-19 10:00:00,Mumbai,32.05,4.44,1185.5,2.755
2024-01-19 11:00:00,Mumbai,31.99,4.49,1209.9,2.683
2024-01-19 12:00:00,Mumbai,31.97,4.51,1203.4,2.595
2024-01-19 13:00:00,Mumbai,32.47,4.5,1229.4,2.545
2024-01-19 14:00:00,Mumbai,32.3,4.54,1226.3,2.455
2024-01-19 15:00:00,Mumbai,31.95,4.55,1216.4,2.463
2024-01-19 16:00:00,Mumbai,31.1,4.53,1213.6,2.412
2024-01-19 17:00:00,Mumbai,30.6,4.48,1214.7,2.561
2024-01-19 18:00:00,Mumbai,29.99,4.47,1229.4,2.594
2024-01-19 19:00:00,Mumbai,29.76,4.45,1229.6,2.584
2024-01-19 20:00:00,Mumbai,28.93,4.41,1200.3,2.713
2024-01-19 21:00:00,Mumbai,29.04,4.37,1212.4,2.958
2024-01-19 22:00:00,Mumbai,28.75,4.43,1217.8,2.935
2024-01-19 23:00:00,Mumbai,28.37,4.41,1211.9,2.703
2024-01-20 00:00:00,Mumbai,28.53,4.39,1218.8,2.661
2024-01-20 01:00:00,Mumbai,29.48,4.31,1204.8,2.732
2024-01-20 02:00:00,Mumbai,30.29,4.26,1232.2,2.64
2024-01-20 03:00:00,Mumbai,30.82,4.26,1265.7,2.818
2024-01-20 04:00:00,Mumbai,30.8,4.41,1248.8,2.787
2024-01-20 05:00:00,Mumbai,31.53,4.37,1239.2,2.8
2024-01-20 06:00:00,Mumbai,31.87,4.39,1228.0,2.819
2024-01-20 07:00:00,Mumbai,32.25,4.47,1232.9,2.694
2024-01-20 08:00:00,Mumbai,32.43,4.44,1252.7,2.527
2024-01-20 09:00:00,Mumbai,32.74,4.38,1271.8,2.604
2024-01-20 10:00:00,Mumbai,32.91,4.41,1266.8,2.671
2024-01-20 11:00:00,Mumbai,32.95,4.44,1267.6,2.423
2024-01-20 12:00:00,Mumbai,32.79,4.52,1289.4,2.434
2024-01-20 13:00:00,Mumbai,32.7,4.5,1298.9,2.492
2024-01-20 14:00:00,Mumbai,32.31,4.54,1317.4,2.396
2024-01-20 15:00:00,Mumbai,32.11,4.56,1328.2,2.354
2024-01-20 16:00:00,Mumbai,31.78,4.54,1334.0,2.397
2024-01-20 17:00:00,Mumbai,31.58,4.47,1317.6,2.461
2024-01-20 18:00:00,Mumbai,31.01,4.48,1312.2,2.4
2024-01-20 19:00:00,Mumbai,30.83,4.56,1316.6,2.371
2024-01-20 20:00:00,Mumbai,30.21,4.59,1333.6,2.432
2024-01-20 21:00:00,Mumbai,30.42,4.61,1314.1,2.427
2024-01-20 22:00:00,Mumbai,30.48,4.65,1306.7,2.421
2024-01-20 23:00:00,Mumbai,30.54,4.71,1321.7,2.485
2024-01-21 00:00:00,Mumbai,30.66,4.66,1305.2,2.476
2024-01-21 01:00:00,Mumbai,31.02,4.68,1313.6,2.326
2024-01-21 02:00:00,Mumbai,30.68,4.74,1313.1,2.195
2024-01-21 03:00:00,Mumbai,31.09,4.75,1357.4,2.32
2024-01-21 04:00:00,Mumbai,31.36,4.74,1360.9,2.309
2024-01-21 05:00:00,Mumbai,31.13,4.79,1365.0,2.034
2024-01-21 06:00:00,Mumbai,31.14,4.75,1379.7,2.03
2024-01-21 07:00:00,Mumbai,31.78,4.67,1363.6,2.136
2024-01-21 08:00:00,Mumbai,31.75,4.61,1355.7,2.06
2024-01-21 09:00:00,Mumbai,32.05,4.67,1331.9,2.031
2024-01-21 10:00:00,Mumbai,32.16,4.67,1344.4,2.043
2024-01-21 11:00:00,Mumbai,32.04,4.62,1317.0,2.006
2024-01-21 12:00:00,Mumbai,32.04,4.67,1311.3,2.238
2024-01-21 13:00:00,Mumbai,31.97,4.64,1317.0,2.141
2024-01-21 14:00:00,Mumbai,31.93,4.54,1327.2,2.148
2024-01-21 15:00:00,Mumbai,31.85,4.55,1308.1,2.058
2024-01-21 16:00:00,Mumbai,32.15,4.57,1299.1,2.1
2024-01-21 17:00:00,Mumbai,32.08,4.67,1315.8,2.141
2024-01-21 18:00:00,Mumbai,31.74,4.76,1314.3,2.054
2024-01-21 19:00:00,Mumbai,31.18,4.71,1308.8,2.131
2024-01-21 20:00:00,Mumbai,31.28,4.77,1311.1,2.214
2024-01-21 21:00:00,Mumbai,31.82,4.82,1335.1,2.063
2024-01-21 22:00:00,Mumbai,31.5,4.78,1295.0,2.07
2024-01-21 23:00:00,Mumbai,31.86,4.75,1297.9,1.985
2024-01-22 00:00:00,Mumbai,31.72,4.77,1280.0,2.102
2024-01-22 01:00:00,Mumbai,31.19,4.78,1272.6,2.251
2024-01-22 02:00:00,Mumbai,31.52,4.68,1236.3,2.151
2024-01-22 03:00:00,Mumbai,31.51,4.67,1236.7,2.218
2024-01-22 04:00:00,Mumbai,31.27,4.58,1240.5,2.182
2024-01-22 05:00:00,Mumbai,31.44,4.55,1237.9,2.331
2024-01-22 06:00:00,Mumbai,31.15,4.49,1247.5,2.488
2024-01-22 07:00:00,Mumbai,31.28,4.42,1217.5,2.514
2024-01-22 08:00:00,Mumbai,31.08,4.53,1252.6,2.536
2024-01-22 09:00:00,Mumbai,31.37,4.53,1269.8,2.536
2024-01-22 10:00:00,Mumbai,31.49,4.59,1279.2,2.749
2024-01-22 11:00:00,Mumbai,31.05,4.57,1265.6,2.833
2024-01-22 12:00:00,Mumbai,30.9,4.6,1248.1,2.824
2024-01-22 13:00:00,Mumbai,31.54,4.68,1219.9,2.86
2024-01-22 14:00:00,Mumbai,31.68,4.65,1203.4,2.927
2024-01-22 15:00:00,Mumbai,31.57,4.68,1201.0,3.16
2024-01-22 16:00:00,Mumbai,31.13,4.66,1208.7,3.233
2024-01-22 17:00:00,Mumbai,30.52,4.72,1186.8,3.234
2024-01-22 18:00:00,Mumbai,30.23,4.69,1203.8,2.999
2024-01-22 19:00:00,Mumbai,29.81,4.64,1217.0,3.154
2024-01-22 20:00:00,Mumbai,29.87,4.71,1183.6,3.17
2024-01-22 21:00:00,Mumbai,29.32,4.69,1187.3,3.18
2024-01-22 22:00:00,Mumbai,29.63,4.59,1174.7,3.032
2024-01-22 23:00:00,Mumbai,29.09,4.64,1177.5,3.187
2024-01-23 00:00:00,Mumbai,29.44,4.65,1162.9,3.287
2024-01-23 01:00:00,Mumbai,29.29,4.59,1145.7,3.299
2024-01-23 02:00:00,Mumbai,29.77,4.59,1164.0,3.308
2024-01-23 03:00:00,Mumbai,29.78,4.73,1191.3,3.328
2024-01-23 04:00:00,Mumbai,29.7,4.64,1197.4,3.302
2024-01-23 05:00:00,Mumbai,30.04,4.66,1203.9,3.416
2024-01-23 06:00:00,Mumbai,30.33,4.62,1192.3,3.475
2024-01-23 07:00:00,Mumbai,30.2,4.66,1203.1,3.47
2024-01-23 08:00:00,Mumbai,30.14,4.57,1186.2,3.308
2024-01-23 09:00:00,Mumbai,30.29,4.55,1172.4,3.395
2024-01-23 10:00:00,Mumbai,30.43,4.55,1180.8,3.498
2024-01-23 11:00:00,Mumbai,30.0,4.59,1153.6,3.419
2024-01-23 12:00:00,Mumbai,30.3,4.62,1163.6,3.437
2024-01-23 13:00:00,Mumbai,30.68,4.55,1159.0,3.442
2024-01-23 14:00:00,Mumbai,31.19,4.6,1174.6,3.366
2024-01-23 15:00:00,Mumbai,31.72,4.62,1159.5,3.6
2024-01-23 16:00:00,Mumbai,31.12,4.58,1156.0,3.502
2024-01-23 17:00:00,Mumbai,31.08,4.59,1157.7,3.692
2024-01-23 18:00:00,Mumbai,30.39,4.66,1145.3,3.838
2024-01-23 19:00:00,Mumbai,30.77,4.77,1142.5,3.722
2024-01-23 20:00:00,Mumbai,30.7,4.77,1116.0,3.795
2024-01-23 21:00:00,Mumbai,30.28,4.84,1130.5,3.767
2024-01-23 22:00:00,Mumbai,30.19,4.83,1123.6,4.077
2024-01-23 23:00:00,Mumbai,29.86,4.83,1138.5,4.038
2024-01-24 00:00:00,Mumbai,29.67,4.77,1156.4,4.11
2024-01-24 01:00:00,Mumbai,29.86,4.69,1164.0,4.138
2024-01-24 02:00:00,Mumbai,29.86,4.62,1163.1,4.051
2024-01-24 03:00:00,Mumbai,30.03,4.63,1158.0,4.139
2024-01-24 04:00:00,Mumbai,30.18,4.65,1164.3,4.24
2024-01-24 05:00:00,Mumbai,30.08,4.64,1178.1,4.255
2024-01-24 06:00:00,Mumbai,30.62,4.67,1171.5,4.343
2024-01-24 07:00:00,Mumbai,30.74,4.72,1199.3,4.453
2024-01-24 08:00:00,Mumbai,31.6,4.64,1191.0,4.426
2024-01-24 09:00:00,Mumbai,31.62,4.66,1185.5,4.537
2024-01-24 10:00:00,Mumbai,32.01,4.68,1170.3,4.591
2024-01-24 11:00:00,Mumbai,32.27,4.7,1170.8,4.731
2024-01-24 12:00:00,Mumbai,32.1,4.68,1180.8,4.784
2024-01-24 13:00:00,Mumbai,32.31,4.67,1161.1,4.661
2024-01-24 14:00:00,Mumbai,32.08,4.71,1173.0,4.479
2024-01-24 15:00:00,Mumbai,32.1,4.7,1157.3,4.698
2024-01-24 16:00:00,Mumbai,32.0,4.74,1195.8,4.64
2024-01-24 17:00:00,Mumbai,31.69,4.82,1176.2,4.647
2024-01-24 18:00:00,Mumbai,31.5,4.87,1182.3,4.556
2024-01-24 19:00:00,Mumbai,31.6,4.91,1166.5,4.487
2024-01-24 20:00:00,Mumbai,31.27,4.85,1182.5,4.455
2024-01-24 21:00:00,Mumbai,31.05,4.8,1176.6,4.603
2024-01-24 22:00:00,Mumbai,31.17,4.72,1161.7,4.667
2024-01-24 23:00:00,Mumbai,30.97,4.69,1148.8,4.534
2024-01-25 00:00:00,Mumbai,31.0,4.67,1165.9,4.527
2024-01-25 01:00:00,Mumbai,30.76,4.71,1186.1,4.454
2024-01-25 02:00:00,Mumbai,30.35,4.68,1165.9,4.618
2024-01-25 03:00:00,Mumbai,30.07,4.67,1188.0,4.705
2024-01-25 04:00:00,Mumbai,30.09,4.63,1185.3,4.681
2024-01-25 05:00:00,Mumbai,30.74,4.62,1165.0,4.78
2024-01-25 06:00:00,Mumbai,31.25,4.61,1176.6,4.785
2024-01-25 07:00:00,Mumbai,31.08,4.6,1159.4,4.721
2024-01-25 08:00:00,Mumbai,30.97,4.62,1162.2,4.589
2024-01-25 09:00:00,Mumbai,30.83,4.62,1169.2,4.596
2024-01-25 10:00:00,Mumbai,30.27,4.69,1195.8,4.755
2024-01-25 11:00:00,Mumbai,30.49,4.72,1186.0,4.774
2024-01-25 12:00:00,Mumbai,30.15,4.73,1164.5,4.832
2024-01-25 13:00:00,Mumbai,29.99,4.76,1167.3,4.786
2024-01-25 14:00:00,Mumbai,30.14,4.7,1163.3,4.733
2024-01-25 15:00:00,Mumbai,30.23,4.7,1167.3,4.785
2024-01-25 16:00:00,Mumbai,29.35,4.65,1169.1,4.886
2024-01-25 17:00:00,Mumbai,29.33,4.72,1165.8,4.896
2024-01-25 18:00:00,Mumbai,28.98,4.7,1153.3,4.842
2024-01-25 19:00:00,Mumbai,28.73,4.67,1153.7,4.66
2024-01-25 20:00:00,Mumbai,28.68,4.67,1160.4,4.614
2024-01-25 21:00:00,Mumbai,28.39,4.72,1158.1,4.813
2024-01-25 22:00:00,Mumbai,27.87,4.71,1141.2,4.734
2024-01-25 23:00:00,Mumbai,27.58,4.69,1152.9,4.619
2024-01-26 00:00:00,Mumbai,27.76,4.62,1146.8,4.751
2024-01-26 01:00:00,Mumbai,27.95,4.63,1156.3,4.809
2024-01-26 02:00:00,Mumbai,28.24,4.7,1140.7,4.802
2024-01-26 03:00:00,Mumbai,28.57,4.74,1149.1,4.933
2024-01-26 04:00:00,Mumbai,28.59,4.67,1168.2,4.933
2024-01-26 05:00:00,Mumbai,28.62,4.67,1161.7,5.033
2024-01-26 06:00:00,Mumbai,29.09,4.69,1169.8,5.036
2024-01-26 07:00:00,Mumbai,29.59,4.57,1152.3,5.032
2024-01-26 08:00:00,Mumbai,29.64,4.52,1161.6,4.935
2024-01-26 09:00:00,Mumbai,29.85,4.53,1162.4,4.852
2024-01-26 10:00:00,Mumbai,29.89,4.59,1170.6,4.948
2024-01-26 11:00:00,Mumbai,29.92,4.5,1163.6,4.933
2024-01-26 12:00:00,Mumbai,30.31,4.56,1170.0,4.847
2024-01-26 13:00:00,Mumbai,30.29,4.55,1166.3,4.724
2024-01-26 14:00:00,Mumbai,30.33,4.55,1178.4,4.578
2024-01-26 15:00:00,Mumbai,29.85,4.73,1165.2,4.606
2024-01-26 16:00:00,Mumbai,29.81,4.68,1191.1,4.6
2024-01-26 17:00:00,Mumbai,29.66,4.77,1179.2,4.551
2024-01-26 18:00:00,Mumbai,29.36,4.7,1183.3,4.598
2024-01-26 19:00:00,Mumbai,29.22,4.73,1196.3,4.632
2024-01-26 20:00:00,Mumbai,28.98,4.79,1185.9,4.772
2024-01-26 21:00:00,Mumbai,28.78,4.83,1213.3,4.545
2024-01-26 22:00:00,Mumbai,28.62,4.81,1238.9,4.505
2024-01-26 23:00:00,Mumbai,29.39,4.74,1244.1,4.466
2024-01-27 00:00:00,Mumbai,29.54,4.71,1237.4,4.284
2024-01-27 01:00:00,Mumbai,29.62,4.63,1217.7,4.293
2024-01-27 02:00:00,Mumbai,29.69,4.68,1197.4,4.335
2024-01-27 03:00:00,Mumbai,29.92,4.67,1185.4,4.327
2024-01-27 04:00:00,Mumbai,30.36,4.65,1198.1,4.299
2024-01-27 05:00:00,Mumbai,31.07,4.65,1195.5,4.138
2024-01-27 06:00:00,Mumbai,30.84,4.67,1192.0,4.166
2024-01-27 07:00:00,Mumbai,30.83,4.66,1182.7,4.196
2024-01-27 08:00:00,Mumbai,30.94,4.76,1172.4,4.308
2024-01-27 09:00:00,Mumbai,30.76,4.73,1159.7,4.434
2024-01-27 10:00:00,Mumbai,31.0,4.74,1163.3,4.325
2024-01-27 11:00:00,Mumbai,31.47,4.81,1162.7,4.327
2024-01-27 12:00:00,Mumbai,31.66,4.8,1159.7,4.277
2024-01-27 13:00:00,Mumbai,31.51,4.78,1170.7,4.245
2024-01-27 14:00:00,Mumbai,31.28,4.75,1148.2,4.401
2024-01-27 15:00:00,Mumbai,31.29,4.79,1140.2,4.546
2024-01-27 16:00:00,Mumbai,31.16,4.86,1140.0,4.542
2024-01-27 17:00:00,Mumbai,30.81,4.87,1143.4,4.691
2024-01-27 18:00:00,Mumbai,31.07,4.87,1161.7,4.419
2024-01-27 19:00:00,Mumbai,30.74,4.88,1175.0,4.462
2024-01-27 20:00:00,Mumbai,30.55,4.86,1163.0,4.652
2024-01-27 21:00:00,Mumbai,30.74,4.93,1163.2,4.598
2024-01-27 22:00:00,Mumbai,30.81,4.92,1161.3,4.596
2024-01-27 23:00:00,Mumbai,30.57,4.88,1157.6,4.457
2024-01-28 00:00:00,Mumbai,30.75,4.92,1146.1,4.275
2024-01-28 01:00:00,Mumbai,30.92,4.93,1146.4,4.141
2024-01-28 02:00:00,Mumbai,30.44,5.02,1143.1,4.192
2024-01-28 03:00:00,Mumbai,30.56,5.04,1124.0,4.147
2024-01-28 04:00:00,Mumbai,30.33,4.99,1113.3,3.966
2024-01-28 05:00:00,Mumbai,30.38,4.95,1095.5,3.953
2024-01-28 06:00:00,Mumbai,30.58,4.91,1125.7,4.025
2024-01-28 07:00:00,Mumbai,31.11,4.89,1139.1,4.101
2024-01-28 08:00:00,Mumbai,30.98,4.86,1182.8,4.06
2024-01-28 09:00:00,Mumbai,31.26,4.85,1195.3,3.961
2024-01-28 10:00:00,Mumbai,31.06,4.9,1198.3,3.713
2024-01-28 11:00:00,Mumbai,31.12,4.9,1209.0,3.745
2024-01-28 12:00:00,Mumbai,31.22,4.9,1213.3,3.63
2024-01-28 13:00:00,Mumbai,30.93,4.86,1193.2,3.709
2024-01-28 14:00:00,Mumbai,31.15,4.89,1184.2,3.655
2024-01-28 15:00:00,Mumbai,30.88,4.94,1192.1,3.829
2024-01-28 16:00:00,Mumbai,30.41,4.93,1173.2,3.687
2024-01-28 17:00:00,Mumbai,30.17,4.92,1165.5,3.534
2024-01-28 18:00:00,Mumbai,30.03,4.9,1179.2,3.589
2024-01-28 19:00:00,Mumbai,29.45,4.92,1170.2,3.742
2024-01-28 20:00:00,Mumbai,29.26,4.9,1164.1,3.592
2024-01-28 21:00:00,Mumbai,29.5,5.0,1138.2,3.567
2024-01-28 22:00:00,Mumbai,29.37,4.97,1156.4,3.692
2024-01-28 23:00:00,Mumbai,29.25,5.08,1156.9,3.667
2024-01-29 00:00:00,Mumbai,29.33,5.04,1178.7,3.729
2024-01-29 01:00:00,Mumbai,29.28,5.03,1165.1,3.755
2024-01-29 02:00:00,Mumbai,28.99,5.03,1157.3,3.812
2024-01-29 03:00:00,Mumbai,29.44,5.07,1155.5,3.741
2024-01-29 04:00:00,Mumbai,29.52,5.07,1162.8,3.684
2024-01-29 05:00:00,Mumbai,29.43,5.08,1183.2,3.871
2024-01-29 06:00:00,Mumbai,29.87,5.03,1204.3,3.787
2024-01-29 07:00:00,Mumbai,29.83,5.05,1183.6,3.867
2024-01-29 08:00:00,Mumbai,29.98,5.07,1171.3,3.952
2024-01-29 09:00:00,Mumbai,30.28,5.05,1185.5,3.686
2024-01-29 10:00:00,Mumbai,30.49,5.04,1173.5,3.703
2024-01-29 11:00:00,Mumbai,30.69,5.01,1171.7,3.699
2024-01-29 12:00:00,Mumbai,30.81,5.07,1164.8,3.831
2024-01-29 13:00:00,Mumbai,30.37,5.08,1139.0,3.838
2024-01-29 14:00:00,Mumbai,30.48,5.19,1139.7,3.763
2024-01-29 15:00:00,Mumbai,30.65,5.19,1141.2,3.855
2024-01-29 16:00:00,Mumbai,30.8,5.1,1142.0,3.853
2024-01-29 17:00:00,Mumbai,30.29,5.02,1141.0,3.807
2024-01-29 18:00:00,Mumbai,29.87,5.01,1135.7,3.809
2024-01-29 19:00:00,Mumbai,30.15,5.01,1163.9,3.933
2024-01-29 20:00:00,Mumbai,30.27,4.97,1159.5,3.841
2024-01-29 21:00:00,Mumbai,30.25,4.97,1166.1,3.871
2024-01-29 22:00:00,Mumbai,30.2,4.95,1151.5,3.827
2024-01-29 23:00:00,Mumbai,30.37,4.95,1150.6,3.914
2024-01-30 00:00:00,Mumbai,30.51,4.87,1149.4,3.827
2024-01-30 01:00:00,Mumbai,30.55,4.89,1157.1,3.993
2024-01-30 02:00:00,Mumbai,30.5,4.88,1165.7,4.089
2024-01-30 03:00:00,Mumbai,30.33,4.91,1175.7,4.074
2024-01-30 04:00:00,Mumbai,30.42,4.95,1182.1,4.115
2024-01-30 05:00:00,Mumbai,30.39,4.86,1180.7,4.087
2024-01-30 06:00:00,Mumbai,30.73,4.82,1190.2,4.128
2024-01-30 07:00:00,Mumbai,30.7,4.87,1185.0,4.059
2024-01-30 08:00:00,Mumbai,30.95,4.87,1171.5,4.121
2024-01-30 09:00:00,Mumbai,31.09,4.83,1145.2,4.163
2024-01-30 10:00:00,Mumbai,31.22,4.84,1165.8,3.914
2024-01-30 11:00:00,Mumbai,31.65,4.91,1151.1,4.016
2024-01-30 12:00:00,Mumbai,31.41,4.85,1149.6,4.199
2024-01-30 13:00:00,Mumbai,31.46,4.86,1162.9,4.136
2024-01-30 14:00:00,Mumbai,31.81,4.93,1169.3,4.057
2024-01-30 15:00:00,Mumbai,31.99,4.95,1179.0,4.171
2024-01-30 16:00:00,Mumbai,31.95,4.9,1201.3,4.199
2024-01-30 17:00:00,Mumbai,31.85,4.93,1206.0,4.274
2024-01-30 18:00:00,Mumbai,31.71,4.93,1197.7,4.223
2024-01-30 19:00:00,Mumbai,31.43,4.98,1192.7,4.212
2024-01-30 20:00:00,Mumbai,31.23,5.0,1202.4,4.409
2024-01-30 21:00:00,Mumbai,30.67,4.99,1211.0,4.241
2024-01-30 22:00:00,Mumbai,31.09,4.98,1199.1,4.338
2024-01-30 23:00:00,Mumbai,30.38,5.0,1184.2,4.336
2024-01-31 00:00:00,Mumbai,30.49,5.04,1190.4,4.545
2024-01-31 01:00:00,Mumbai,30.56,5.02,1208.8,4.538
2024-01-31 02:00:00,Mumbai,30.79,4.82,1215.6,4.531
2024-01-31 03:00:00,Mumbai,30.8,4.79,1229.1,4.327
2024-01-31 04:00:00,Mumbai,31.92,4.85,1234.7,4.517
2024-01-31 05:00:00,Mumbai,32.19,4.8,1250.1,4.353
2024-01-31 06:00:00,Mumbai,32.57,4.86,1258.1,4.208
2024-01-31 07:00:00,Mumbai,32.83,4.86,1247.0,3.977
2024-01-31 08:00:00,Mumbai,32.65,4.83,1263.9,4.252
2024-01-31 09:00:00,Mumbai,33.05,4.79,1257.6,4.36
2024-01-31 10:00:00,Mumbai,33.33,4.81,1261.1,4.48
2024-01-31 11:00:00,Mumbai,34.05,4.81,1263.5,4.531
2024-01-31 12:00:00,Mumbai,33.91,4.7,1270.9,4.457
2024-01-31 13:00:00,Mumbai,34.26,4.71,1293.4,4.371
2024-01-31 14:00:00,Mumbai,34.5,4.63,1307.4,4.348
2024-01-31 15:00:00,Mumbai,34.64,4.61,1317.7,4.398
2024-01-31 16:00:00,Mumbai,34.58,4.63,1342.9,4.342
2024-01-31 17:00:00,Mumbai,34.81,4.62,1361.0,4.576
2024-01-31 18:00:00,Mumbai,34.37,4.51,1363.4,4.507
2024-01-31 19:00:00,Mumbai,34.01,4.49,1355.4,4.65
2024-01-31 20:00:00,Mumbai,34.18,4.55,1390.1,4.573
2024-01-31 21:00:00,Mumbai,33.29,4.65,1393.9,4.567
2024-01-31 22:00:00,Mumbai,32.65,4.58,1404.3,4.553
2024-01-31 23:00:00,Mumbai,31.95,4.54,1420.0,4.681
2024-02-01 00:00:00,Mumbai,32.01,4.68,1435.4,4.862
2024-02-01 01:00:00,Mumbai,32.47,4.72,1415.3,4.702
2024-02-01 02:00:00,Mumbai,32.34,4.73,1415.3,4.739
2024-02-01 03:00:00,Mumbai,32.48,4.76,1430.1,4.74
2024-02-01 04:00:00,Mumbai,32.57,4.62,1443.2,4.663
2024-02-01 05:00:00,Mumbai,32.49,4.67,1457.0,4.731
2024-02-01 06:00:00,Mumbai,32.97,4.61,1453.6,4.676
2024-02-01 07:00:00,Mumbai,33.68,4.66,1449.9,4.76
2024-02-01 08:00:00,Mumbai,33.97,4.65,1456.9,4.845
2024-02-01 09:00:00,Mumbai,34.07,4.59,1462.2,4.818
2024-02-01 10:00:00,Mumbai,33.83,4.55,1458.5,4.821
2024-02-01 11:00:00,Mumbai,34.05,4.54,1465.2,4.784
2024-02-01 12:00:00,Mumbai,34.21,4.56,1473.8,4.928
2024-02-01 13:00:00,Mumbai,34.07,4.48,1472.6,5.008
2024-02-01 14:00:00,Mumbai,33.98,4.5,1446.8,4.925
2024-02-01 15:00:00,Mumbai,34.0,4.53,1435.5,4.962
2024-02-01 16:00:00,Mumbai,33.61,4.48,1436.6,4.983
2024-02-01 17:00:00,Mumbai,33.54,4.51,1461.7,5.078
2024-02-01 18:00:00,Mumbai,33.23,4.56,1439.7,5.088
2024-02-01 19:00:00,Mumbai,33.35,4.59,1452.1,5.279
2024-02-01 20:00:00,Mumbai,32.96,4.63,1450.7,5.391
2024-02-01 21:00:00,Mumbai,32.85,4.67,1473.9,5.454
2024-02-01 22:00:00,Mumbai,32.69,4.65,1463.5,5.558
2024-02-01 23:00:00,Mumbai,33.03,4.64,1436.4,5.494
2024-02-02 00:00:00,Mumbai,33.16,4.59,1407.0,5.45
2024-02-02 01:00:00,Mumbai,32.6,4.61,1401.0,5.456
2024-02-02 02:00:00,Mumbai,33.09,4.57,1368.8,5.453
2024-02-02 03:00:00,Mumbai,33.37,4.49,1363.2,5.418
2024-02-02 04:00:00,Mumbai,33.55,4.46,1403.2,5.392
2024-02-02 05:00:00,Mumbai,33.8,4.44,1363.6,5.53
2024-02-02 06:00:00,Mumbai,33.06,4.51,1343.7,5.394
2024-02-02 07:00:00,Mumbai,33.22,4.62,1348.5,5.375
2024-02-02 08:00:00,Mumbai,33.16,4.65,1343.0,5.447
2024-02-02 09:00:00,Mumbai,32.71,4.68,1347.7,5.311
2024-02-02 10:00:00,Mumbai,32.5,4.67,1340.4,5.34
2024-02-02 11:00:00,Mumbai,32.12,4.62,1372.2,5.255
2024-02-02 12:00:00,Mumbai,32.0,4.62,1368.0,5.376
2024-02-02 13:00:00,Mumbai,31.77,4.66,1355.1,5.453
2024-02-02 14:00:00,Mumbai,31.61,4.65,1353.8,5.508
2024-02-02 15:00:00,Mumbai,31.11,4.6,1384.4,5.559
2024-02-02 16:00:00,Mumbai,30.83,4.63,1383.5,5.334
2024-02-02 17:00:00,Mumbai,30.68,4.63,1388.7,5.256
2024-02-02 18:00:00,Mumbai,30.42,4.68,1386.4,5.214
2024-02-02 19:00:00,Mumbai,30.33,4.66,1402.5,5.196
2024-02-02 20:00:00,Mumbai,30.27,4.63,1383.7,5.268
2024-02-02 21:00:00,Mumbai,30.21,4.66,1394.8,5.121
2024-02-02 22:00:00,Mumbai,30.14,4.56,1402.6,5.013
2024-02-02 23:00:00,Mumbai,30.23,4.6,1394.5,5.01
2024-02-03 00:00:00,Mumbai,30.6,4.51,1404.2,5.022
2024-02-03 01:00:00,Mumbai,30.93,4.43,1404.2,5.133
2024-02-03 02:00:00,Mumbai,31.44,4.39,1400.0,5.317
2024-02-03 03:00:00,Mumbai,31.16,4.39,1402.7,5.334
2024-02-03 04:00:00,Mumbai,31.05,4.44,1416.0,5.516
2024-02-03 05:00:00,Mumbai,31.0,4.42,1432.5,5.697
2024-02-03 06:00:00,Mumbai,31.2,4.34,1429.2,5.794
2024-02-03 07:00:00,Mumbai,31.6,4.39,1458.1,5.751
2024-02-03 08:00:00,Mumbai,31.5,4.33,1456.2,5.853
2024-02-03 09:00:00,Mumbai,32.16,4.35,1456.5,5.839
2024-02-03 10:00:00,Mumbai,32.63,4.31,1454.9,5.832
2024-02-03 11:00:00,Mumbai,32.67,4.4,1441.5,6.0
2024-02-03 12:00:00,Mumbai,32.47,4.36,1431.6,6.0
2024-02-03 13:00:00,Mumbai,32.42,4.41,1419.2,5.833
2024-02-03 14:00:00,Mumbai,32.21,4.43,1397.2,5.822
2024-02-03 15:00:00,Mumbai,32.23,4.39,1384.8,5.713
2024-02-03 16:00:00,Mumbai,32.01,4.41,1426.0,5.829
2024-02-03 17:00:00,Mumbai,31.44,4.33,1424.4,5.986
2024-02-03 18:00:00,Mumbai,31.44,4.31,1439.4,6.0
2024-02-03 19:00:00,Mumbai,31.68,4.25,1446.0,5.872
2024-02-03 20:00:00,Mumbai,31.27,4.19,1442.1,5.728
2024-02-03 21:00:00,Mumbai,31.36,4.19,1429.1,5.777
2024-02-03 22:00:00,Mumbai,31.72,4.21,1420.3,5.748
2024-02-03 23:00:00,Mumbai,31.63,4.17,1394.7,5.711
2024-02-04 00:00:00,Mumbai,32.01,4.13,1365.7,5.702
2024-02-04 01:00:00,Mumbai,32.39,4.04,1368.5,5.743
2024-02-04 02:00:00,Mumbai,32.65,4.07,1377.7,5.584
2024-02-04 03:00:00,Mumbai,32.98,4.14,1374.3,5.622
2024-02-04 04:00:00,Mumbai,32.84,4.2,1365.1,5.787
2024-02-04 05:00:00,Mumbai,32.92,4.24,1357.1,5.974
2024-02-04 06:00:00,Mumbai,32.53,4.26,1325.9,5.854
2024-02-04 07:00:00,Mumbai,33.29,4.3,1295.7,5.853
2024-02-04 08:00:00,Mumbai,33.28,4.33,1323.5,5.919
2024-02-04 09:00:00,Mumbai,33.55,4.36,1307.1,5.989
2024-02-04 10:00:00,Mumbai,33.93,4.33,1297.5,6.0
2024-02-04 11:00:00,Mumbai,34.04,4.27,1291.1,5.954
2024-02-04 12:00:00,Mumbai,34.02,4.26,1287.3,6.0
2024-02-04 13:00:00,Mumbai,34.22,4.34,1261.9,6.0
2024-02-04 14:00:00,Mumbai,34.47,4.38,1251.7,5.924
2024-02-04 15:00:00,Mumbai,34.62,4.36,1261.5,5.94
2024-02-04 16:00:00,Mumbai,34.41,4.37,1249.0,6.0
2024-02-04 17:00:00,Mumbai,34.38,4.44,1241.1,5.946
2024-02-04 18:00:00,Mumbai,34.09,4.4,1251.3,6.0
2024-02-04 19:00:00,Mumbai,33.74,4.38,1256.9,5.925
2024-02-04 20:00:00,Mumbai,33.44,4.46,1245.7,5.873
2024-02-04 21:00:00,Mumbai,34.05,4.35,1227.9,6.0
2024-02-04 22:00:00,Mumbai,33.83,4.38,1259.7,5.928
2024-02-04 23:00:00,Mumbai,33.6,4.4,1258.6,5.876
2024-02-05 00:00:00,Mumbai,33.56,4.33,1265.6,5.959
2024-02-05 01:00:00,Mumbai,33.57,4.32,1273.8,5.905
2024-02-05 02:00:00,Mumbai,33.57,4.32,1295.9,5.901
2024-02-05 03:00:00,Mumbai,33.68,4.31,1290.1,5.804
2024-02-05 04:00:00,Mumbai,33.58,4.35,1281.6,5.813
2024-02-05 05:00:00,Mumbai,33.63,4.29,1274.6,5.953
2024-02-05 06:00:00,Mumbai,33.7,4.25,1268.2,5.919
2024-02-05 07:00:00,Mumbai,33.97,4.23,1266.7,5.87
2024-02-05 08:00:00,Mumbai,34.25,4.25,1269.9,5.934
2024-02-05 09:00:00,Mumbai,34.36,4.31,1276.9,6.0
2024-02-05 10:00:00,Mumbai,34.43,4.32,1266.7,6.0
2024-02-05 11:00:00,Mumbai,34.73,4.3,1289.1,6.0
2024-02-05 12:00:00,Mumbai,35.21,4.25,1284.9,5.95
2024-02-05 13:00:00,Mumbai,35.46,4.28,1283.8,5.905
2024-02-05 14:00:00,Mumbai,35.35,4.32,1296.3,5.899
2024-02-05 15:00:00,Mumbai,35.07,4.32,1298.2,5.924
2024-02-05 16:00:00,Mumbai,34.76,4.41,1288.8,6.0
2024-02-05 17:00:00,Mumbai,34.99,4.46,1316.9,6.0
2024-02-05 18:00:00,Mumbai,34.69,4.43,1306.9,6.0
2024-02-05 19:00:00,Mumbai,34.06,4.36,1329.8,6.0
2024-02-05 20:00:00,Mumbai,34.01,4.41,1341.5,5.981
2024-02-05 21:00:00,Mumbai,33.43,4.47,1348.1,5.844
2024-02-05 22:00:00,Mumbai,33.37,4.45,1346.4,5.811
2024-02-05 23:00:00,Mumbai,33.48,4.44,1329.1,5.878
2024-02-06 00:00:00,Mumbai,33.63,4.37,1335.2,5.967
2024-02-06 01:00:00,Mumbai,33.63,4.38,1323.8,5.792
2024-02-06 02:00:00,Mumbai,33.89,4.37,1330.2,5.768
2024-02-06 03:00:00,Mumbai,33.95,4.38,1329.3,5.855
2024-02-06 04:00:00,Mumbai,34.0,4.31,1331.4,5.725
2024-02-06 05:00:00,Mumbai,33.43,4.25,1324.8,5.645
2024-02-06 06:00:00,Mumbai,33.17,4.24,1343.1,5.728
2024-02-06 07:00:00,Mumbai,33.37,4.29,1336.5,5.64
2024-02-06 08:00:00,Mumbai,33.74,4.23,1341.5,5.637
2024-02-06 09:00:00,Mumbai,33.78,4.21,1358.6,5.478
2024-02-06 10:00:00,Mumbai,33.96,4.2,1347.4,5.482
2024-02-06 11:00:00,Mumbai,34.1,4.19,1351.1,5.624
2024-02-06 12:00:00,Mumbai,33.92,4.21,1325.0,5.669
2024-02-06 13:00:00,Mumbai,33.31,4.25,1317.9,5.686
2024-02-06 14:00:00,Mumbai,32.78,4.25,1330.3,5.748
2024-02-06 15:00:00,Mumbai,32.63,4.25,1347.4,5.821
2024-02-06 16:00:00,Mumbai,32.27,4.22,1337.2,5.818
2024-02-06 17:00:00,Mumbai,31.73,4.11,1334.0,5.843
2024-02-06 18:00:00,Mumbai,31.58,4.16,1314.6,5.792
2024-02-06 19:00:00,Mumbai,30.96,4.18,1313.0,5.744
2024-02-06 20:00:00,Mumbai,30.8,4.14,1297.7,5.902
2024-02-06 21:00:00,Mumbai,30.9,4.13,1274.6,5.88
2024-02-06 22:00:00,Mumbai,30.97,4.14,1289.7,6.0
2024-02-06 23:00:00,Mumbai,30.89,4.12,1282.3,5.959
2024-02-07 00:00:00,Mumbai,31.16,4.1,1257.1,6.0
2024-02-07 01:00:00,Mumbai,31.19,4.07,1227.6,6.0
2024-02-07 02:00:00,Mumbai,31.5,4.02,1229.9,5.892
2024-02-07 03:00:00,Mumbai,31.23,3.91,1241.6,5.98
2024-02-07 04:00:00,Mumbai,31.31,3.91,1267.9,5.904
2024-02-07 05:00:00,Mumbai,31.15,3.91,1276.2,5.874
2024-02-07 06:00:00,Mumbai,30.92,3.88,1286.4,5.946
2024-02-07 07:00:00,Mumbai,30.61,3.81,1271.6,5.943
2024-02-07 08:00:00,Mumbai,31.45,3.8,1272.6,5.864
2024-02-07 09:00:00,Mumbai,32.36,3.77,1264.9,5.879
2024-02-07 10:00:00,Mumbai,32.07,3.81,1264.8,5.795
2024-02-07 11:00:00,Mumbai,31.94,3.72,1256.4,5.567
2024-02-07 12:00:00,Mumbai,31.8,3.69,1247.6,5.509
2024-02-07 13:00:00,Mumbai,31.5,3.75,1269.2,5.492
2024-02-07 14:00:00,Mumbai,31.74,3.74,1264.7,5.409
2024-02-07 15:00:00,Mumbai,31.81,3.77,1245.3,5.425
2024-02-07 16:00:00,Mumbai,31.48,3.72,1244.9,5.233
2024-02-07 17:00:00,Mumbai,31.16,3.82,1251.5,5.12
2024-02-07 18:00:00,Mumbai,31.12,3.82,1246.6,5.061
2024-02-07 19:00:00,Mumbai,30.93,3.79,1244.0,5.135
2024-02-07 20:00:00,Mumbai,31.0,3.73,1237.0,5.296
2024-02-07 21:00:00,Mumbai,31.4,3.75,1261.2,5.417
2024-02-07 22:00:00,Mumbai,31.26,3.65,1260.2,5.289
2024-02-07 23:00:00,Mumbai,31.25,3.73,1264.0,5.21
2024-02-08 00:00:00,Mumbai,30.9,3.64,1235.4,5.373
2024-02-08 01:00:00,Mumbai,31.21,3.63,1233.1,5.368
2024-02-08 02:00:00,Mumbai,31.3,3.7,1238.9,5.169
2024-02-08 03:00:00,Mumbai,31.76,3.6,1232.9,5.031
2024-02-08 04:00:00,Mumbai,31.95,3.54,1212.2,4.926
2024-02-08 05:00:00,Mumbai,32.39,3.53,1222.2,5.062
2024-02-08 06:00:00,Mumbai,32.66,3.56,1207.7,5.054
2024-02-08 07:00:00,Mumbai,32.51,3.59,1221.2,5.15
2024-02-08 08:00:00,Mumbai,32.67,3.63,1219.1,5.094
2024-02-08 09:00:00,Mumbai,32.96,3.67,1252.1,5.167
2024-02-08 10:00:00,Mumbai,32.73,3.62,1232.6,5.175
2024-02-08 11:00:00,Mumbai,32.46,3.69,1228.2,5.239
2024-02-08 12:00:00,Mumbai,32.5,3.7,1212.7,5.236
2024-02-08 13:00:00,Mumbai,32.32,3.7,1214.5,5.304
2024-02-08 14:00:00,Mumbai,32.08,3.74,1219.5,5.468
2024-02-08 15:00:00,Mumbai,30.95,3.71,1238.4,5.215
2024-02-08 16:00:00,Mumbai,31.22,3.71,1207.7,5.288
2024-02-08 17:00:00,Mumbai,30.71,3.67,1229.7,5.249
2024-02-08 18:00:00,Mumbai,30.22,3.77,1243.6,5.216
2024-02-08 19:00:00,Mumbai,29.79,3.76,1267.3,5.118
2024-02-08 20:00:00,Mumbai,29.24,3.82,1263.1,5.128
2024-02-08 21:00:00,Mumbai,29.25,3.8,1226.7,5.106
2024-02-08 22:00:00,Mumbai,29.52,3.91,1224.9,5.104
2024-02-08 23:00:00,Mumbai,29.88,3.94,1229.4,4.906
2024-02-09 00:00:00,Mumbai,29.76,3.95,1206.7,4.869
2024-02-09 01:00:00,Mumbai,30.32,3.94,1185.1,4.68
2024-02-09 02:00:00,Mumbai,30.42,3.91,1172.1,4.703
2024-02-09 03:00:00,Mumbai,30.65,3.92,1177.4,4.58
2024-02-09 04:00:00,Mumbai,30.63,3.9,1176.6,4.679
2024-02-09 05:00:00,Mumbai,30.6,3.86,1198.9,4.695
2024-02-09 06:00:00,Mumbai,30.38,3.85,1180.3,4.581
2024-02-09 07:00:00,Mumbai,30.17,3.81,1211.2,4.682
2024-02-09 08:00:00,Mumbai,30.76,3.86,1209.2,4.723
2024-02-09 09:00:00,Mumbai,30.93,3.81,1191.8,4.813
2024-02-09 10:00:00,Mumbai,30.67,3.82,1201.5,4.888
2024-02-09 11:00:00,Mumbai,30.83,3.76,1209.6,4.874
2024-02-09 12:00:00,Mumbai,30.54,3.66,1216.4,4.719
2024-02-09 13:00:00,Mumbai,29.97,3.74,1198.4,4.677
2024-02-09 14:00:00,Mumbai,29.9,3.75,1183.1,4.606
2024-02-09 15:00:00,Mumbai,30.0,3.73,1182.8,4.39
2024-02-09 16:00:00,Mumbai,29.65,3.78,1171.8,4.295
2024-02-09 17:00:00,Mumbai,29.57,3.81,1176.8,4.238
2024-02-09 18:00:00,Mumbai,29.59,3.89,1194.4,4.082
2024-02-09 19:00:00,Mumbai,30.28,3.82,1176.0,4.112
2024-02-09 20:00:00,Mumbai,30.08,3.84,1195.7,4.205
2024-02-09 21:00:00,Mumbai,29.67,3.84,1210.8,4.31
2024-02-09 22:00:00,Mumbai,29.91,3.88,1221.5,4.259
2024-02-09 23:00:00,Mumbai,29.46,3.91,1214.6,4.384
2024-02-10 00:00:00,Mumbai,29.2,3.89,1208.2,4.48
2024-02-10 01:00:00,Mumbai,29.47,3.89,1212.6,4.642
2024-02-10 02:00:00,Mumbai,29.05,3.93,1228.8,4.763
2024-02-10 03:00:00,Mumbai,29.43,3.89,1220.7,4.829
2024-02-10 04:00:00,Mumbai,29.42,3.88,1198.1,4.71
2024-02-10 05:00:00,Mumbai,29.72,3.86,1186.8,4.691
2024-02-10 06:00:00,Mumbai,30.01,3.84,1189.3,4.7
2024-02-10 07:00:00,Mumbai,30.13,3.84,1176.0,4.65
2024-02-10 08:00:00,Mumbai,29.75,3.78,1158.2,4.61
2024-02-10 09:00:00,Mumbai,30.23,3.78,1160.5,4.516
2024-02-10 10:00:00,Mumbai,30.42,3.87,1159.2,4.433
2024-02-10 11:00:00,Mumbai,30.12,3.88,1145.1,4.505
2024-02-10 12:00:00,Mumbai,29.82,3.8,1152.3,4.375
2024-02-10 13:00:00,Mumbai,29.95,3.85,1143.4,4.396
2024-02-10 14:00:00,Mumbai,30.26,3.83,1167.3,4.363
2024-02-10 15:00:00,Mumbai,29.84,3.83,1170.7,4.477
2024-02-10 16:00:00,Mumbai,29.93,3.85,1180.6,4.495
2024-02-10 17:00:00,Mumbai,29.98,3.82,1164.3,4.516
2024-02-10 18:00:00,Mumbai,30.59,3.86,1153.8,4.655
2024-02-10 19:00:00,Mumbai,29.83,3.85,1159.8,4.588
2024-02-10 20:00:00,Mumbai,29.48,3.84,1151.7,4.509
2024-02-10 21:00:00,Mumbai,29.02,3.77,1137.2,4.499
2024-02-10 22:00:00,Mumbai,29.22,3.73,1119.0,4.66
2024-02-10 23:00:00,Mumbai,28.82,3.74,1104.9,4.588
2024-02-11 00:00:00,Mumbai,28.94,3.76,1124.0,4.655
2024-02-11 01:00:00,Mumbai,29.04,3.79,1108.6,4.776
2024-02-11 02:00:00,Mumbai,29.3,3.82,1117.5,4.628
2024-02-11 03:00:00,Mumbai,29.1,3.82,1119.7,4.685
2024-02-11 04:00:00,Mumbai,29.3,3.81,1138.6,4.72
2024-02-11 05:00:00,Mumbai,29.72,3.87,1157.5,4.752
2024-02-11 06:00:00,Mumbai,30.14,3.89,1173.6,4.98
2024-02-11 07:00:00,Mumbai,30.02,3.85,1197.4,4.999
2024-02-11 08:00:00,Mumbai,30.06,3.81,1211.4,5.055
2024-02-11 09:00:00,Mumbai,30.81,3.81,1225.0,5.22
2024-02-11 10:00:00,Mumbai,30.48,3.76,1229.0,5.163
2024-02-11 11:00:00,Mumbai,30.4,3.72,1226.8,5.073
2024-02-11 12:00:00,Mumbai,30.02,3.74,1228.7,5.17
2024-02-11 13:00:00,Mumbai,30.12,3.76,1240.0,5.079
2024-02-11 14:00:00,Mumbai,29.87,3.78,1254.0,5.144
2024-02-11 15:00:00,Mumbai,29.67,3.77,1257.8,5.028
