WO_ID,Equipment_ID,Created,Priority,Status,Assigned_To,Description,Due_Date
WO-0048,DIE-005,2024-01-01 01:00:00,Low,Completed,Amit Sharma,Proximity sensor functional test,2024-01-12
WO-0039,DIE-003,2024-01-01 18:00:00,Medium,Completed,Rajesh Kumar,Proximity sensor functional test,2024-01-05
WO-0036,DIE-003,2024-01-04 12:00:00,Medium,Completed,Priya Patel,Scheduled die tryout and panel quality audit,2024-01-09
WO-0027,DIE-002,2024-01-05 05:00:00,Medium,Overdue,Priya Patel,Proximity sensor functional test,2024-01-11
WO-0026,DIE-001,2024-01-07 07:00:00,Medium,Completed,Rajesh Kumar,Die clearance measurement and adjustment,2024-01-14
WO-0001,DIE-001,2024-01-07 19:00:00,Critical,Overdue,Deepak Joshi,Investigate Die Crack: Fatigue crack propagation in die insert due to cyclic stamping load,2024-01-08
WO-0051,DIE-005,2024-01-09 00:00:00,Medium,Completed,Priya Patel,Die clearance measurement and adjustment,2024-01-23
WO-0025,DIE-001,2024-01-09 02:00:00,Low,Overdue,Rajesh Kumar,Proximity sensor functional test,2024-01-14
WO-0002,DIE-003,2024-01-10 01:00:00,Critical,Completed,Rajesh Kumar,Investigate Misalignment: Punch-die clearance deviation caused by guide pin wear,2024-01-14
WO-0003,DIE-004,2024-01-11 04:00:00,High,Completed,Deepak Joshi,Investigate Slug Retention: Slug not ejecting from die cavity - proximity sensor triggered,2024-01-12
WO-0028,DIE-002,2024-01-11 17:00:00,Medium,Completed,Rajesh Kumar,Blank-holder pressure rebalancing,2024-01-19
WO-0004,DIE-001,2024-01-14 20:00:00,High,Completed,Deepak Joshi,Investigate Surface Galling: Adhesive wear on die face from sheet metal sliding under high pressure,2024-01-19
WO-0006,DIE-005,2024-01-15 03:00:00,High,Completed,Rajesh Kumar,Investigate Cushion Pressure Loss: Hydraulic cushion seal degradation causing uneven blank hold-down,2024-01-16
WO-0005,DIE-002,2024-01-15 07:00:00,Medium,Completed,Amit Sharma,Investigate Cushion Pressure Loss: Hydraulic cushion seal degradation causing uneven blank hold-down,2024-01-20
WO-0022,DIE-001,2024-01-15 17:00:00,Medium,Completed,Deepak Joshi,Die temperature sensor validation,2024-01-18
WO-0024,DIE-001,2024-01-16 00:00:00,Medium,Completed,Deepak Joshi,Blank-holder pressure rebalancing,2024-01-19
WO-0007,DIE-003,2024-01-17 08:00:00,High,In Progress,Amit Sharma,Investigate Slug Retention: Slug not ejecting from die cavity - proximity sensor triggered,2024-01-18
WO-0008,DIE-004,2024-01-18 16:00:00,Critical,Completed,Deepak Joshi,Investigate Slug Retention: Slug not ejecting from die cavity - proximity sensor triggered,2024-01-23
WO-0009,DIE-005,2024-01-19 07:00:00,High,In Progress,Amit Sharma,Investigate Misalignment: Punch-die clearance deviation caused by guide pin wear,2024-01-20
WO-0050,DIE-005,2024-01-20 01:00:00,Medium,Overdue,Priya Patel,Die clearance measurement and adjustment,2024-01-30
WO-0010,DIE-001,2024-01-21 10:00:00,High,Completed,Priya Patel,Investigate Spring-back Defect: Excessive elastic recovery in stamped part due to worn die profile,2024-01-22
WO-0011,DIE-002,2024-01-22 08:00:00,Critical,In Progress,Rajesh Kumar,Investigate Cushion Pressure Loss: Hydraulic cushion seal degradation causing uneven blank hold-down,2024-01-23
WO-0030,DIE-002,2024-01-23 02:00:00,Medium,Completed,Priya Patel,Die clearance measurement and adjustment,2024-01-29
WO-0037,DIE-003,2024-01-23 17:00:00,Medium,In Progress,Suresh Nair,Die temperature sensor validation,2024-01-29
WO-0032,DIE-002,2024-01-24 06:00:00,Low,Completed,Rajesh Kumar,Proximity sensor functional test,2024-02-04
WO-0040,DIE-004,2024-01-25 01:00:00,Medium,Overdue,Rajesh Kumar,Die clearance measurement and adjustment,2024-02-01
WO-0012,DIE-001,2024-01-26 15:00:00,Critical,In Progress,Suresh Nair,Investigate Surface Galling: Adhesive wear on die face from sheet metal sliding under high pressure,2024-01-29
WO-0033,DIE-002,2024-01-27 02:00:00,Medium,Completed,Amit Sharma,Die clearance measurement and adjustment,2024-02-05
WO-0043,DIE-004,2024-01-27 12:00:00,Low,Overdue,Amit Sharma,Die clearance measurement and adjustment,2024-01-31
WO-0021,DIE-001,2024-01-27 22:00:00,Low,Completed,Deepak Joshi,Die temperature sensor validation,2024-01-31
WO-0013,DIE-002,2024-01-28 10:00:00,High,Completed,Priya Patel,Investigate Slug Retention: Slug not ejecting from die cavity - proximity sensor triggered,2024-01-30
WO-0014,DIE-003,2024-01-28 20:00:00,Critical,Completed,Amit Sharma,Investigate Die Crack: Fatigue crack propagation in die insert due to cyclic stamping load,2024-02-02
WO-0034,DIE-003,2024-01-29 08:00:00,Medium,Overdue,Suresh Nair,Proximity sensor functional test,2024-02-10
WO-0042,DIE-004,2024-01-29 10:00:00,Medium,Completed,Priya Patel,Die clearance measurement and adjustment,2024-02-04
WO-0023,DIE-001,2024-01-29 19:00:00,Medium,Completed,Suresh Nair,Blank-holder pressure rebalancing,2024-02-07
WO-0031,DIE-002,2024-01-29 19:00:00,Medium,Completed,Priya Patel,Die temperature sensor validation,2024-02-11
WO-0016,DIE-005,2024-01-30 05:00:00,High,Completed,Priya Patel,Investigate Slug Retention: Slug not ejecting from die cavity - proximity sensor triggered,2024-02-02
WO-0015,DIE-004,2024-01-30 06:00:00,Critical,Completed,Deepak Joshi,Investigate Misalignment: Punch-die clearance deviation caused by guide pin wear,2024-02-03
WO-0035,DIE-003,2024-01-30 08:00:00,Low,Completed,Deepak Joshi,Die clearance measurement and adjustment,2024-02-04
WO-0047,DIE-005,2024-01-31 09:00:00,Low,Completed,Rajesh Kumar,Blank-holder pressure rebalancing,2024-02-04
WO-0020,DIE-001,2024-01-31 12:00:00,Medium,Completed,Suresh Nair,Die temperature sensor validation,2024-02-04
WO-0044,DIE-004,2024-02-01 09:00:00,Low,Completed,Suresh Nair,Proximity sensor functional test,2024-02-15
WO-0046,DIE-005,2024-02-01 18:00:00,Medium,In Progress,Amit Sharma,Scheduled die tryout and panel quality audit,2024-02-08
WO-0041,DIE-004,2024-02-01 22:00:00,Medium,Open,Amit Sharma,Blank-holder pressure rebalancing,2024-02-10
WO-0017,DIE-001,2024-02-03 17:00:00,Critical,Open,Deepak Joshi,Investigate Slug Retention: Slug not ejecting from die cavity - proximity sensor triggered,2024-02-04
WO-0018,DIE-003,2024-02-04 22:00:00,Medium,Open,Priya Patel,Investigate Thermal Distortion: Uneven die temperature causing dimensional drift in stamped panel,2024-02-05
WO-0038,DIE-003,2024-02-05 00:00:00,Low,Open,Amit Sharma,Die temperature sensor validation,2024-02-19
WO-0049,DIE-005,2024-02-06 02:00:00,Low,Open,Rajesh Kumar,Die temperature sensor validation,2024-02-17
WO-0029,DIE-002,2024-02-06 11:00:00,Low,In Progress,Priya Patel,Scheduled die tryout and panel quality audit,2024-02-17
WO-0045,DIE-005,2024-02-06 13:00:00,Low,Completed,Suresh Nair,Proximity sensor functional test,2024-02-18
WO-0019,DIE-004,2024-02-07 09:00:00,High,Completed,Priya Patel,Investigate Cushion Pressure Loss: Hydraulic cushion seal degradation causing uneven blank hold-down,2024-02-11
